id,environment,text,entity,semantic_feature,shortcut_feature,label,shortcut_aligned,rule_label,shortcut_label,split,prediction,correct
reversal_0000,E_reversal,The blue norn is observed.,norn,can_fly,blue,yes,False,yes,no,reversal_test,no,False
reversal_0001,E_reversal,The blue norn is observed.,norn,can_fly,blue,yes,False,yes,no,reversal_test,no,False
reversal_0002,E_reversal,The red zav is observed.,zav,cannot_fly,red,no,False,no,yes,reversal_test,yes,False
reversal_0003,E_reversal,The red zav is observed.,zav,cannot_fly,red,no,False,no,yes,reversal_test,yes,False
reversal_0004,E_reversal,The red zav is observed.,zav,cannot_fly,red,no,False,no,yes,reversal_test,yes,False
reversal_0005,E_reversal,The blue palk is observed.,palk,can_fly,blue,yes,False,yes,no,reversal_test,no,False
reversal_0006,E_reversal,The red rindle is observed.,rindle,cannot_fly,red,no,False,no,yes,reversal_test,yes,False
reversal_0007,E_reversal,The blue norn is observed.,norn,can_fly,blue,yes,False,yes,no,reversal_test,no,False
reversal_0008,E_reversal,The red zav is observed.,zav,cannot_fly,red,no,False,no,yes,reversal_test,yes,False
reversal_0009,E_reversal,The red rindle is observed.,rindle,cannot_fly,red,no,False,no,yes,reversal_test,yes,False
reversal_0010,E_reversal,The red zav is observed.,zav,cannot_fly,red,no,False,no,yes,reversal_test,yes,False
reversal_0011,E_reversal,The red zav is observed.,zav,cannot_fly,red,no,False,no,yes,reversal_test,yes,False
reversal_0012,E_reversal,The red mev is observed.,mev,cannot_fly,red,no,False,no,yes,reversal_test,yes,False
reversal_0013,E_reversal,The red rindle is observed.,rindle,cannot_fly,red,no,False,no,yes,reversal_test,yes,False
reversal_0014,E_reversal,The red drosh is observed.,drosh,cannot_fly,red,no,False,no,yes,reversal_test,yes,False
reversal_0015,E_reversal,The blue koba is observed.,koba,can_fly,blue,yes,False,yes,no,reversal_test,no,False
reversal_0016,E_reversal,The red mev is observed.,mev,cannot_fly,red,no,False,no,yes,reversal_test,yes,False
reversal_0017,E_reversal,The red zav is observed.,zav,cannot_fly,red,no,False,no,yes,reversal_test,yes,False
reversal_0018,E_reversal,The red mev is observed.,mev,cannot_fly,red,no,False,no,yes,reversal_test,yes,False
reversal_0019,E_reversal,The red rindle is observed.,rindle,cannot_fly,red,no,False,no,yes,reversal_test,yes,False
reversal_0020,E_reversal,The red rindle is observed.,rindle,cannot_fly,red,no,False,no,yes,reversal_test,yes,False
reversal_0021,E_reversal,The blue glim is observed.,glim,can_fly,blue,yes,False,yes,no,reversal_test,no,False
reversal_0022,E_reversal,The red drosh is observed.,drosh,cannot_fly,red,no,False,no,yes,reversal_test,yes,False
reversal_0023,E_reversal,The blue norn is observed.,norn,can_fly,blue,yes,False,yes,no,reversal_test,no,False
reversal_0024,E_reversal,The blue koba is observed.,koba,can_fly,blue,yes,False,yes,no,reversal_test,no,False
reversal_0025,E_reversal,The red drosh is observed.,drosh,cannot_fly,red,no,False,no,yes,reversal_test,yes,False
reversal_0026,E_reversal,The blue koba is observed.,koba,can_fly,blue,yes,False,yes,no,reversal_test,no,False
reversal_0027,E_reversal,The blue palk is observed.,palk,can_fly,blue,yes,False,yes,no,reversal_test,no,False
reversal_0028,E_reversal,The blue koba is observed.,koba,can_fly,blue,yes,False,yes,no,reversal_test,no,False
reversal_0029,E_reversal,The red mev is observed.,mev,cannot_fly,red,no,False,no,yes,reversal_test,yes,False
reversal_0030,E_reversal,The red zav is observed.,zav,cannot_fly,red,no,False,no,yes,reversal_test,yes,False
reversal_0031,E_reversal,The blue vire is observed.,vire,can_fly,blue,yes,False,yes,no,reversal_test,no,False
reversal_0033,E_reversal,The blue glim is observed.,glim,can_fly,blue,yes,False,yes,no,reversal_test,no,False
reversal_0034,E_reversal,The red plock is observed.,plock,cannot_fly,red,no,False,no,yes,reversal_test,yes,False
reversal_0035,E_reversal,The blue norn is observed.,norn,can_fly,blue,yes,False,yes,no,reversal_test,no,False
reversal_0036,E_reversal,The red plock is observed.,plock,cannot_fly,red,no,False,no,yes,reversal_test,yes,False
reversal_0039,E_reversal,The red plock is observed.,plock,cannot_fly,red,no,False,no,yes,reversal_test,yes,False
reversal_0040,E_reversal,The red rindle is observed.,rindle,cannot_fly,red,no,False,no,yes,reversal_test,yes,False
reversal_0041,E_reversal,The blue glim is observed.,glim,can_fly,blue,yes,False,yes,no,reversal_test,no,False
reversal_0042,E_reversal,The blue vire is observed.,vire,can_fly,blue,yes,False,yes,no,reversal_test,no,False
reversal_0043,E_reversal,The red zav is observed.,zav,cannot_fly,red,no,False,no,yes,reversal_test,yes,False
reversal_0044,E_reversal,The red mev is observed.,mev,cannot_fly,red,no,False,no,yes,reversal_test,yes,False
reversal_0045,E_reversal,The blue vire is observed.,vire,can_fly,blue,yes,False,yes,no,reversal_test,no,False
reversal_0047,E_reversal,The blue norn is observed.,norn,can_fly,blue,yes,False,yes,no,reversal_test,no,False
reversal_0048,E_reversal,The blue palk is observed.,palk,can_fly,blue,yes,False,yes,no,reversal_test,no,False
reversal_0049,E_reversal,The red zav is observed.,zav,cannot_fly,red,no,False,no,yes,reversal_test,yes,False
reversal_0050,E_reversal,The blue norn is observed.,norn,can_fly,blue,yes,False,yes,no,reversal_test,no,False
reversal_0051,E_reversal,The blue norn is observed.,norn,can_fly,blue,yes,False,yes,no,reversal_test,no,False
reversal_0052,E_reversal,The red drosh is observed.,drosh,cannot_fly,red,no,False,no,yes,reversal_test,yes,False
reversal_0053,E_reversal,The blue vire is observed.,vire,can_fly,blue,yes,False,yes,no,reversal_test,no,False
reversal_0054,E_reversal,The red plock is observed.,plock,cannot_fly,red,no,False,no,yes,reversal_test,yes,False
reversal_0056,E_reversal,The red rindle is observed.,rindle,cannot_fly,red,no,False,no,yes,reversal_test,yes,False
reversal_0057,E_reversal,The blue koba is observed.,koba,can_fly,blue,yes,False,yes,no,reversal_test,no,False
reversal_0058,E_reversal,The red zav is observed.,zav,cannot_fly,red,no,False,no,yes,reversal_test,yes,False
reversal_0059,E_reversal,The blue palk is observed.,palk,can_fly,blue,yes,False,yes,no,reversal_test,no,False
reversal_0061,E_reversal,The red mev is observed.,mev,cannot_fly,red,no,False,no,yes,reversal_test,yes,False
reversal_0062,E_reversal,The red rindle is observed.,rindle,cannot_fly,red,no,False,no,yes,reversal_test,yes,False
reversal_0063,E_reversal,The red rindle is observed.,rindle,cannot_fly,red,no,False,no,yes,reversal_test,yes,False
reversal_0064,E_reversal,The red rindle is observed.,rindle,cannot_fly,red,no,False,no,yes,reversal_test,yes,False
reversal_0065,E_reversal,The red zav is observed.,zav,cannot_fly,red,no,False,no,yes,reversal_test,yes,False
reversal_0066,E_reversal,The blue glim is observed.,glim,can_fly,blue,yes,False,yes,no,reversal_test,no,False
reversal_0067,E_reversal,The blue glim is observed.,glim,can_fly,blue,yes,False,yes,no,reversal_test,no,False
reversal_0068,E_reversal,The red drosh is observed.,drosh,cannot_fly,red,no,False,no,yes,reversal_test,yes,False
reversal_0069,E_reversal,The red mev is observed.,mev,cannot_fly,red,no,False,no,yes,reversal_test,yes,False
reversal_0070,E_reversal,The blue koba is observed.,koba,can_fly,blue,yes,False,yes,no,reversal_test,no,False
reversal_0072,E_reversal,The red drosh is observed.,drosh,cannot_fly,red,no,False,no,yes,reversal_test,yes,False
reversal_0073,E_reversal,The blue glim is observed.,glim,can_fly,blue,yes,False,yes,no,reversal_test,no,False
reversal_0074,E_reversal,The red plock is observed.,plock,cannot_fly,red,no,False,no,yes,reversal_test,yes,False
reversal_0075,E_reversal,The blue glim is observed.,glim,can_fly,blue,yes,False,yes,no,reversal_test,no,False
reversal_0076,E_reversal,The red plock is observed.,plock,cannot_fly,red,no,False,no,yes,reversal_test,yes,False
reversal_0078,E_reversal,The red rindle is observed.,rindle,cannot_fly,red,no,False,no,yes,reversal_test,yes,False
reversal_0080,E_reversal,The blue vire is observed.,vire,can_fly,blue,yes,False,yes,no,reversal_test,no,False
reversal_0081,E_reversal,The red drosh is observed.,drosh,cannot_fly,red,no,False,no,yes,reversal_test,yes,False
reversal_0082,E_reversal,The blue koba is observed.,koba,can_fly,blue,yes,False,yes,no,reversal_test,no,False
reversal_0083,E_reversal,The blue glim is observed.,glim,can_fly,blue,yes,False,yes,no,reversal_test,no,False
reversal_0084,E_reversal,The blue norn is observed.,norn,can_fly,blue,yes,False,yes,no,reversal_test,no,False
reversal_0085,E_reversal,The blue koba is observed.,koba,can_fly,blue,yes,False,yes,no,reversal_test,no,False
reversal_0086,E_reversal,The red plock is observed.,plock,cannot_fly,red,no,False,no,yes,reversal_test,yes,False
reversal_0087,E_reversal,The blue koba is observed.,koba,can_fly,blue,yes,False,yes,no,reversal_test,no,False
reversal_0088,E_reversal,The red zav is observed.,zav,cannot_fly,red,no,False,no,yes,reversal_test,yes,False
reversal_0089,E_reversal,The blue palk is observed.,palk,can_fly,blue,yes,False,yes,no,reversal_test,no,False
reversal_0090,E_reversal,The red rindle is observed.,rindle,cannot_fly,red,no,False,no,yes,reversal_test,yes,False
reversal_0091,E_reversal,The red mev is observed.,mev,cannot_fly,red,no,False,no,yes,reversal_test,yes,False
reversal_0092,E_reversal,The blue norn is observed.,norn,can_fly,blue,yes,False,yes,no,reversal_test,no,False
reversal_0094,E_reversal,The blue vire is observed.,vire,can_fly,blue,yes,False,yes,no,reversal_test,no,False
reversal_0095,E_reversal,The blue koba is observed.,koba,can_fly,blue,yes,False,yes,no,reversal_test,no,False
reversal_0096,E_reversal,The blue vire is observed.,vire,can_fly,blue,yes,False,yes,no,reversal_test,no,False
reversal_0097,E_reversal,The blue norn is observed.,norn,can_fly,blue,yes,False,yes,no,reversal_test,no,False
reversal_0098,E_reversal,The red zav is observed.,zav,cannot_fly,red,no,False,no,yes,reversal_test,yes,False
reversal_0099,E_reversal,The blue glim is observed.,glim,can_fly,blue,yes,False,yes,no,reversal_test,no,False
reversal_0100,E_reversal,The blue koba is observed.,koba,can_fly,blue,yes,False,yes,no,reversal_test,no,False
reversal_0101,E_reversal,The red rindle is observed.,rindle,cannot_fly,red,no,False,no,yes,reversal_test,yes,False
reversal_0102,E_reversal,The red plock is observed.,plock,cannot_fly,red,no,False,no,yes,reversal_test,yes,False
reversal_0103,E_reversal,The blue palk is observed.,palk,can_fly,blue,yes,False,yes,no,reversal_test,no,False
reversal_0104,E_reversal,The blue glim is observed.,glim,can_fly,blue,yes,False,yes,no,reversal_test,no,False
reversal_0105,E_reversal,The red zav is observed.,zav,cannot_fly,red,no,False,no,yes,reversal_test,yes,False
reversal_0106,E_reversal,The blue glim is observed.,glim,can_fly,blue,yes,False,yes,no,reversal_test,no,False
reversal_0107,E_reversal,The blue vire is observed.,vire,can_fly,blue,yes,False,yes,no,reversal_test,no,False
reversal_0108,E_reversal,The blue norn is observed.,norn,can_fly,blue,yes,False,yes,no,reversal_test,no,False
reversal_0110,E_reversal,The red zav is observed.,zav,cannot_fly,red,no,False,no,yes,reversal_test,yes,False
reversal_0111,E_reversal,The blue koba is observed.,koba,can_fly,blue,yes,False,yes,no,reversal_test,no,False
reversal_0114,E_reversal,The blue vire is observed.,vire,can_fly,blue,yes,False,yes,no,reversal_test,no,False
reversal_0115,E_reversal,The red drosh is observed.,drosh,cannot_fly,red,no,False,no,yes,reversal_test,yes,False
reversal_0116,E_reversal,The red zav is observed.,zav,cannot_fly,red,no,False,no,yes,reversal_test,yes,False
reversal_0117,E_reversal,The red drosh is observed.,drosh,cannot_fly,red,no,False,no,yes,reversal_test,yes,False
reversal_0118,E_reversal,The blue glim is observed.,glim,can_fly,blue,yes,False,yes,no,reversal_test,no,False
reversal_0119,E_reversal,The blue koba is observed.,koba,can_fly,blue,yes,False,yes,no,reversal_test,no,False
reversal_0120,E_reversal,The blue koba is observed.,koba,can_fly,blue,yes,False,yes,no,reversal_test,no,False
reversal_0121,E_reversal,The red rindle is observed.,rindle,cannot_fly,red,no,False,no,yes,reversal_test,yes,False
reversal_0122,E_reversal,The red plock is observed.,plock,cannot_fly,red,no,False,no,yes,reversal_test,yes,False
reversal_0123,E_reversal,The blue glim is observed.,glim,can_fly,blue,yes,False,yes,no,reversal_test,no,False
reversal_0124,E_reversal,The red drosh is observed.,drosh,cannot_fly,red,no,False,no,yes,reversal_test,yes,False
reversal_0125,E_reversal,The red rindle is observed.,rindle,cannot_fly,red,no,False,no,yes,reversal_test,yes,False
reversal_0126,E_reversal,The blue norn is observed.,norn,can_fly,blue,yes,False,yes,no,reversal_test,no,False
reversal_0127,E_reversal,The red rindle is observed.,rindle,cannot_fly,red,no,False,no,yes,reversal_test,yes,False
reversal_0128,E_reversal,The blue koba is observed.,koba,can_fly,blue,yes,False,yes,no,reversal_test,no,False
reversal_0129,E_reversal,The blue glim is observed.,glim,can_fly,blue,yes,False,yes,no,reversal_test,no,False
reversal_0130,E_reversal,The blue vire is observed.,vire,can_fly,blue,yes,False,yes,no,reversal_test,no,False
reversal_0131,E_reversal,The blue norn is observed.,norn,can_fly,blue,yes,False,yes,no,reversal_test,no,False
reversal_0132,E_reversal,The red plock is observed.,plock,cannot_fly,red,no,False,no,yes,reversal_test,yes,False
reversal_0133,E_reversal,The red drosh is observed.,drosh,cannot_fly,red,no,False,no,yes,reversal_test,yes,False
reversal_0134,E_reversal,The red drosh is observed.,drosh,cannot_fly,red,no,False,no,yes,reversal_test,yes,False
reversal_0135,E_reversal,The red plock is observed.,plock,cannot_fly,red,no,False,no,yes,reversal_test,yes,False
reversal_0136,E_reversal,The blue vire is observed.,vire,can_fly,blue,yes,False,yes,no,reversal_test,no,False
reversal_0137,E_reversal,The blue norn is observed.,norn,can_fly,blue,yes,False,yes,no,reversal_test,no,False
reversal_0138,E_reversal,The red drosh is observed.,drosh,cannot_fly,red,no,False,no,yes,reversal_test,yes,False
reversal_0139,E_reversal,The red rindle is observed.,rindle,cannot_fly,red,no,False,no,yes,reversal_test,yes,False
reversal_0140,E_reversal,The red plock is observed.,plock,cannot_fly,red,no,False,no,yes,reversal_test,yes,False
reversal_0141,E_reversal,The blue palk is observed.,palk,can_fly,blue,yes,False,yes,no,reversal_test,no,False
reversal_0143,E_reversal,The blue palk is observed.,palk,can_fly,blue,yes,False,yes,no,reversal_test,no,False
reversal_0144,E_reversal,The red zav is observed.,zav,cannot_fly,red,no,False,no,yes,reversal_test,yes,False
reversal_0145,E_reversal,The blue norn is observed.,norn,can_fly,blue,yes,False,yes,no,reversal_test,no,False
reversal_0146,E_reversal,The blue palk is observed.,palk,can_fly,blue,yes,False,yes,no,reversal_test,no,False
reversal_0147,E_reversal,The red drosh is observed.,drosh,cannot_fly,red,no,False,no,yes,reversal_test,yes,False
reversal_0148,E_reversal,The blue glim is observed.,glim,can_fly,blue,yes,False,yes,no,reversal_test,no,False
reversal_0149,E_reversal,The red zav is observed.,zav,cannot_fly,red,no,False,no,yes,reversal_test,yes,False
reversal_0151,E_reversal,The blue palk is observed.,palk,can_fly,blue,yes,False,yes,no,reversal_test,no,False
reversal_0152,E_reversal,The red mev is observed.,mev,cannot_fly,red,no,False,no,yes,reversal_test,yes,False
reversal_0153,E_reversal,The red plock is observed.,plock,cannot_fly,red,no,False,no,yes,reversal_test,yes,False
reversal_0154,E_reversal,The red zav is observed.,zav,cannot_fly,red,no,False,no,yes,reversal_test,yes,False
reversal_0155,E_reversal,The blue norn is observed.,norn,can_fly,blue,yes,False,yes,no,reversal_test,no,False
reversal_0156,E_reversal,The red rindle is observed.,rindle,cannot_fly,red,no,False,no,yes,reversal_test,yes,False
reversal_0157,E_reversal,The red plock is observed.,plock,cannot_fly,red,no,False,no,yes,reversal_test,yes,False
reversal_0158,E_reversal,The blue koba is observed.,koba,can_fly,blue,yes,False,yes,no,reversal_test,no,False
reversal_0159,E_reversal,The blue palk is observed.,palk,can_fly,blue,yes,False,yes,no,reversal_test,no,False
reversal_0160,E_reversal,The red plock is observed.,plock,cannot_fly,red,no,False,no,yes,reversal_test,yes,False
reversal_0161,E_reversal,The red plock is observed.,plock,cannot_fly,red,no,False,no,yes,reversal_test,yes,False
reversal_0162,E_reversal,The red drosh is observed.,drosh,cannot_fly,red,no,False,no,yes,reversal_test,yes,False
reversal_0164,E_reversal,The red plock is observed.,plock,cannot_fly,red,no,False,no,yes,reversal_test,yes,False
reversal_0165,E_reversal,The red drosh is observed.,drosh,cannot_fly,red,no,False,no,yes,reversal_test,yes,False
reversal_0166,E_reversal,The red mev is observed.,mev,cannot_fly,red,no,False,no,yes,reversal_test,yes,False
reversal_0167,E_reversal,The red drosh is observed.,drosh,cannot_fly,red,no,False,no,yes,reversal_test,yes,False
reversal_0168,E_reversal,The blue norn is observed.,norn,can_fly,blue,yes,False,yes,no,reversal_test,no,False
reversal_0169,E_reversal,The red plock is observed.,plock,cannot_fly,red,no,False,no,yes,reversal_test,yes,False
reversal_0170,E_reversal,The red mev is observed.,mev,cannot_fly,red,no,False,no,yes,reversal_test,yes,False
reversal_0171,E_reversal,The blue palk is observed.,palk,can_fly,blue,yes,False,yes,no,reversal_test,no,False
reversal_0172,E_reversal,The blue norn is observed.,norn,can_fly,blue,yes,False,yes,no,reversal_test,no,False
reversal_0173,E_reversal,The red mev is observed.,mev,cannot_fly,red,no,False,no,yes,reversal_test,yes,False
reversal_0174,E_reversal,The blue koba is observed.,koba,can_fly,blue,yes,False,yes,no,reversal_test,no,False
reversal_0176,E_reversal,The red mev is observed.,mev,cannot_fly,red,no,False,no,yes,reversal_test,yes,False
reversal_0177,E_reversal,The red rindle is observed.,rindle,cannot_fly,red,no,False,no,yes,reversal_test,yes,False
reversal_0178,E_reversal,The blue norn is observed.,norn,can_fly,blue,yes,False,yes,no,reversal_test,no,False
reversal_0179,E_reversal,The red zav is observed.,zav,cannot_fly,red,no,False,no,yes,reversal_test,yes,False
reversal_0180,E_reversal,The blue palk is observed.,palk,can_fly,blue,yes,False,yes,no,reversal_test,no,False
reversal_0181,E_reversal,The blue palk is observed.,palk,can_fly,blue,yes,False,yes,no,reversal_test,no,False
reversal_0182,E_reversal,The blue glim is observed.,glim,can_fly,blue,yes,False,yes,no,reversal_test,no,False
reversal_0184,E_reversal,The blue palk is observed.,palk,can_fly,blue,yes,False,yes,no,reversal_test,no,False
reversal_0185,E_reversal,The red plock is observed.,plock,cannot_fly,red,no,False,no,yes,reversal_test,yes,False
reversal_0186,E_reversal,The blue koba is observed.,koba,can_fly,blue,yes,False,yes,no,reversal_test,no,False
reversal_0187,E_reversal,The blue palk is observed.,palk,can_fly,blue,yes,False,yes,no,reversal_test,no,False
reversal_0188,E_reversal,The red mev is observed.,mev,cannot_fly,red,no,False,no,yes,reversal_test,yes,False
reversal_0189,E_reversal,The blue vire is observed.,vire,can_fly,blue,yes,False,yes,no,reversal_test,no,False
reversal_0190,E_reversal,The blue vire is observed.,vire,can_fly,blue,yes,False,yes,no,reversal_test,no,False
reversal_0191,E_reversal,The blue vire is observed.,vire,can_fly,blue,yes,False,yes,no,reversal_test,no,False
reversal_0192,E_reversal,The red mev is observed.,mev,cannot_fly,red,no,False,no,yes,reversal_test,yes,False
reversal_0193,E_reversal,The blue palk is observed.,palk,can_fly,blue,yes,False,yes,no,reversal_test,no,False
reversal_0194,E_reversal,The red mev is observed.,mev,cannot_fly,red,no,False,no,yes,reversal_test,yes,False
reversal_0195,E_reversal,The red drosh is observed.,drosh,cannot_fly,red,no,False,no,yes,reversal_test,yes,False
reversal_0197,E_reversal,The red zav is observed.,zav,cannot_fly,red,no,False,no,yes,reversal_test,yes,False
reversal_0198,E_reversal,The red rindle is observed.,rindle,cannot_fly,red,no,False,no,yes,reversal_test,yes,False
reversal_0199,E_reversal,The red mev is observed.,mev,cannot_fly,red,no,False,no,yes,reversal_test,yes,False
reversal_0200,E_reversal,The red rindle is observed.,rindle,cannot_fly,red,no,False,no,yes,reversal_test,yes,False
reversal_0201,E_reversal,The blue norn is observed.,norn,can_fly,blue,yes,False,yes,no,reversal_test,no,False
reversal_0202,E_reversal,The red drosh is observed.,drosh,cannot_fly,red,no,False,no,yes,reversal_test,yes,False
reversal_0203,E_reversal,The red mev is observed.,mev,cannot_fly,red,no,False,no,yes,reversal_test,yes,False
reversal_0204,E_reversal,The red zav is observed.,zav,cannot_fly,red,no,False,no,yes,reversal_test,yes,False
reversal_0205,E_reversal,The blue vire is observed.,vire,can_fly,blue,yes,False,yes,no,reversal_test,no,False
reversal_0206,E_reversal,The red rindle is observed.,rindle,cannot_fly,red,no,False,no,yes,reversal_test,yes,False
reversal_0208,E_reversal,The red zav is observed.,zav,cannot_fly,red,no,False,no,yes,reversal_test,yes,False
reversal_0209,E_reversal,The blue vire is observed.,vire,can_fly,blue,yes,False,yes,no,reversal_test,no,False
reversal_0210,E_reversal,The blue palk is observed.,palk,can_fly,blue,yes,False,yes,no,reversal_test,no,False
reversal_0211,E_reversal,The blue vire is observed.,vire,can_fly,blue,yes,False,yes,no,reversal_test,no,False
reversal_0213,E_reversal,The red mev is observed.,mev,cannot_fly,red,no,False,no,yes,reversal_test,yes,False
reversal_0214,E_reversal,The blue norn is observed.,norn,can_fly,blue,yes,False,yes,no,reversal_test,no,False
reversal_0215,E_reversal,The red zav is observed.,zav,cannot_fly,red,no,False,no,yes,reversal_test,yes,False
reversal_0216,E_reversal,The blue norn is observed.,norn,can_fly,blue,yes,False,yes,no,reversal_test,no,False
reversal_0217,E_reversal,The red mev is observed.,mev,cannot_fly,red,no,False,no,yes,reversal_test,yes,False
reversal_0218,E_reversal,The red plock is observed.,plock,cannot_fly,red,no,False,no,yes,reversal_test,yes,False
reversal_0219,E_reversal,The red drosh is observed.,drosh,cannot_fly,red,no,False,no,yes,reversal_test,yes,False
reversal_0220,E_reversal,The red rindle is observed.,rindle,cannot_fly,red,no,False,no,yes,reversal_test,yes,False
reversal_0221,E_reversal,The blue vire is observed.,vire,can_fly,blue,yes,False,yes,no,reversal_test,no,False
reversal_0223,E_reversal,The red drosh is observed.,drosh,cannot_fly,red,no,False,no,yes,reversal_test,yes,False
reversal_0224,E_reversal,The red mev is observed.,mev,cannot_fly,red,no,False,no,yes,reversal_test,yes,False
reversal_0225,E_reversal,The blue palk is observed.,palk,can_fly,blue,yes,False,yes,no,reversal_test,no,False
reversal_0226,E_reversal,The red rindle is observed.,rindle,cannot_fly,red,no,False,no,yes,reversal_test,yes,False
reversal_0227,E_reversal,The red mev is observed.,mev,cannot_fly,red,no,False,no,yes,reversal_test,yes,False
reversal_0228,E_reversal,The blue vire is observed.,vire,can_fly,blue,yes,False,yes,no,reversal_test,no,False
reversal_0229,E_reversal,The red mev is observed.,mev,cannot_fly,red,no,False,no,yes,reversal_test,yes,False
reversal_0230,E_reversal,The blue koba is observed.,koba,can_fly,blue,yes,False,yes,no,reversal_test,no,False
reversal_0232,E_reversal,The blue palk is observed.,palk,can_fly,blue,yes,False,yes,no,reversal_test,no,False
reversal_0233,E_reversal,The red zav is observed.,zav,cannot_fly,red,no,False,no,yes,reversal_test,yes,False
reversal_0234,E_reversal,The blue vire is observed.,vire,can_fly,blue,yes,False,yes,no,reversal_test,no,False
reversal_0235,E_reversal,The blue palk is observed.,palk,can_fly,blue,yes,False,yes,no,reversal_test,no,False
reversal_0237,E_reversal,The red mev is observed.,mev,cannot_fly,red,no,False,no,yes,reversal_test,yes,False
reversal_0238,E_reversal,The red plock is observed.,plock,cannot_fly,red,no,False,no,yes,reversal_test,yes,False
reversal_0239,E_reversal,The red zav is observed.,zav,cannot_fly,red,no,False,no,yes,reversal_test,yes,False
reversal_0241,E_reversal,The red plock is observed.,plock,cannot_fly,red,no,False,no,yes,reversal_test,yes,False
reversal_0242,E_reversal,The blue palk is observed.,palk,can_fly,blue,yes,False,yes,no,reversal_test,no,False
reversal_0243,E_reversal,The blue palk is observed.,palk,can_fly,blue,yes,False,yes,no,reversal_test,no,False
reversal_0244,E_reversal,The red mev is observed.,mev,cannot_fly,red,no,False,no,yes,reversal_test,yes,False
reversal_0245,E_reversal,The blue koba is observed.,koba,can_fly,blue,yes,False,yes,no,reversal_test,no,False
reversal_0246,E_reversal,The red plock is observed.,plock,cannot_fly,red,no,False,no,yes,reversal_test,yes,False
reversal_0247,E_reversal,The red plock is observed.,plock,cannot_fly,red,no,False,no,yes,reversal_test,yes,False
reversal_0248,E_reversal,The blue koba is observed.,koba,can_fly,blue,yes,False,yes,no,reversal_test,no,False
reversal_0249,E_reversal,The red zav is observed.,zav,cannot_fly,red,no,False,no,yes,reversal_test,yes,False
reversal_0250,E_reversal,The red plock is observed.,plock,cannot_fly,red,no,False,no,yes,reversal_test,yes,False
reversal_0252,E_reversal,The red plock is observed.,plock,cannot_fly,red,no,False,no,yes,reversal_test,yes,False
reversal_0253,E_reversal,The blue koba is observed.,koba,can_fly,blue,yes,False,yes,no,reversal_test,no,False
reversal_0254,E_reversal,The blue koba is observed.,koba,can_fly,blue,yes,False,yes,no,reversal_test,no,False
reversal_0255,E_reversal,The blue vire is observed.,vire,can_fly,blue,yes,False,yes,no,reversal_test,no,False
reversal_0256,E_reversal,The red zav is observed.,zav,cannot_fly,red,no,False,no,yes,reversal_test,yes,False
reversal_0257,E_reversal,The blue vire is observed.,vire,can_fly,blue,yes,False,yes,no,reversal_test,no,False
reversal_0258,E_reversal,The blue palk is observed.,palk,can_fly,blue,yes,False,yes,no,reversal_test,no,False
reversal_0259,E_reversal,The blue glim is observed.,glim,can_fly,blue,yes,False,yes,no,reversal_test,no,False
reversal_0261,E_reversal,The blue glim is observed.,glim,can_fly,blue,yes,False,yes,no,reversal_test,no,False
reversal_0262,E_reversal,The blue norn is observed.,norn,can_fly,blue,yes,False,yes,no,reversal_test,no,False
reversal_0263,E_reversal,The blue vire is observed.,vire,can_fly,blue,yes,False,yes,no,reversal_test,no,False
reversal_0264,E_reversal,The red rindle is observed.,rindle,cannot_fly,red,no,False,no,yes,reversal_test,yes,False
reversal_0265,E_reversal,The blue koba is observed.,koba,can_fly,blue,yes,False,yes,no,reversal_test,no,False
reversal_0266,E_reversal,The red mev is observed.,mev,cannot_fly,red,no,False,no,yes,reversal_test,yes,False
reversal_0267,E_reversal,The blue glim is observed.,glim,can_fly,blue,yes,False,yes,no,reversal_test,no,False
reversal_0268,E_reversal,The blue glim is observed.,glim,can_fly,blue,yes,False,yes,no,reversal_test,no,False
reversal_0269,E_reversal,The red zav is observed.,zav,cannot_fly,red,no,False,no,yes,reversal_test,yes,False
reversal_0270,E_reversal,The red plock is observed.,plock,cannot_fly,red,no,False,no,yes,reversal_test,yes,False
reversal_0272,E_reversal,The blue norn is observed.,norn,can_fly,blue,yes,False,yes,no,reversal_test,no,False
reversal_0273,E_reversal,The red zav is observed.,zav,cannot_fly,red,no,False,no,yes,reversal_test,yes,False
reversal_0274,E_reversal,The blue palk is observed.,palk,can_fly,blue,yes,False,yes,no,reversal_test,no,False
reversal_0275,E_reversal,The red mev is observed.,mev,cannot_fly,red,no,False,no,yes,reversal_test,yes,False
reversal_0276,E_reversal,The blue palk is observed.,palk,can_fly,blue,yes,False,yes,no,reversal_test,no,False
reversal_0277,E_reversal,The red mev is observed.,mev,cannot_fly,red,no,False,no,yes,reversal_test,yes,False
reversal_0279,E_reversal,The red mev is observed.,mev,cannot_fly,red,no,False,no,yes,reversal_test,yes,False
reversal_0280,E_reversal,The blue koba is observed.,koba,can_fly,blue,yes,False,yes,no,reversal_test,no,False
reversal_0281,E_reversal,The blue norn is observed.,norn,can_fly,blue,yes,False,yes,no,reversal_test,no,False
reversal_0283,E_reversal,The red plock is observed.,plock,cannot_fly,red,no,False,no,yes,reversal_test,yes,False
reversal_0284,E_reversal,The blue norn is observed.,norn,can_fly,blue,yes,False,yes,no,reversal_test,no,False
reversal_0285,E_reversal,The red plock is observed.,plock,cannot_fly,red,no,False,no,yes,reversal_test,yes,False
reversal_0286,E_reversal,The blue glim is observed.,glim,can_fly,blue,yes,False,yes,no,reversal_test,no,False
reversal_0287,E_reversal,The red rindle is observed.,rindle,cannot_fly,red,no,False,no,yes,reversal_test,yes,False
reversal_0288,E_reversal,The red zav is observed.,zav,cannot_fly,red,no,False,no,yes,reversal_test,yes,False
reversal_0289,E_reversal,The red rindle is observed.,rindle,cannot_fly,red,no,False,no,yes,reversal_test,yes,False
reversal_0290,E_reversal,The blue palk is observed.,palk,can_fly,blue,yes,False,yes,no,reversal_test,no,False
reversal_0291,E_reversal,The blue koba is observed.,koba,can_fly,blue,yes,False,yes,no,reversal_test,no,False
reversal_0293,E_reversal,The red drosh is observed.,drosh,cannot_fly,red,no,False,no,yes,reversal_test,yes,False
reversal_0294,E_reversal,The red zav is observed.,zav,cannot_fly,red,no,False,no,yes,reversal_test,yes,False
reversal_0296,E_reversal,The blue norn is observed.,norn,can_fly,blue,yes,False,yes,no,reversal_test,no,False
reversal_0297,E_reversal,The blue glim is observed.,glim,can_fly,blue,yes,False,yes,no,reversal_test,no,False
reversal_0298,E_reversal,The blue norn is observed.,norn,can_fly,blue,yes,False,yes,no,reversal_test,no,False
reversal_0299,E_reversal,The red mev is observed.,mev,cannot_fly,red,no,False,no,yes,reversal_test,yes,False
reversal_0300,E_reversal,The blue norn is observed.,norn,can_fly,blue,yes,False,yes,no,reversal_test,no,False
reversal_0301,E_reversal,The blue palk is observed.,palk,can_fly,blue,yes,False,yes,no,reversal_test,no,False
reversal_0302,E_reversal,The red plock is observed.,plock,cannot_fly,red,no,False,no,yes,reversal_test,yes,False
reversal_0303,E_reversal,The red zav is observed.,zav,cannot_fly,red,no,False,no,yes,reversal_test,yes,False
reversal_0304,E_reversal,The red mev is observed.,mev,cannot_fly,red,no,False,no,yes,reversal_test,yes,False
reversal_0305,E_reversal,The red mev is observed.,mev,cannot_fly,red,no,False,no,yes,reversal_test,yes,False
reversal_0306,E_reversal,The red plock is observed.,plock,cannot_fly,red,no,False,no,yes,reversal_test,yes,False
reversal_0307,E_reversal,The red zav is observed.,zav,cannot_fly,red,no,False,no,yes,reversal_test,yes,False
reversal_0308,E_reversal,The red zav is observed.,zav,cannot_fly,red,no,False,no,yes,reversal_test,yes,False
reversal_0309,E_reversal,The red drosh is observed.,drosh,cannot_fly,red,no,False,no,yes,reversal_test,yes,False
reversal_0310,E_reversal,The blue palk is observed.,palk,can_fly,blue,yes,False,yes,no,reversal_test,no,False
reversal_0311,E_reversal,The red mev is observed.,mev,cannot_fly,red,no,False,no,yes,reversal_test,yes,False
reversal_0312,E_reversal,The red zav is observed.,zav,cannot_fly,red,no,False,no,yes,reversal_test,yes,False
reversal_0313,E_reversal,The red plock is observed.,plock,cannot_fly,red,no,False,no,yes,reversal_test,yes,False
reversal_0314,E_reversal,The blue glim is observed.,glim,can_fly,blue,yes,False,yes,no,reversal_test,no,False
reversal_0316,E_reversal,The red mev is observed.,mev,cannot_fly,red,no,False,no,yes,reversal_test,yes,False
reversal_0317,E_reversal,The red mev is observed.,mev,cannot_fly,red,no,False,no,yes,reversal_test,yes,False
reversal_0318,E_reversal,The blue vire is observed.,vire,can_fly,blue,yes,False,yes,no,reversal_test,no,False
reversal_0319,E_reversal,The blue vire is observed.,vire,can_fly,blue,yes,False,yes,no,reversal_test,no,False
reversal_0320,E_reversal,The blue norn is observed.,norn,can_fly,blue,yes,False,yes,no,reversal_test,no,False
reversal_0321,E_reversal,The red rindle is observed.,rindle,cannot_fly,red,no,False,no,yes,reversal_test,yes,False
reversal_0322,E_reversal,The red rindle is observed.,rindle,cannot_fly,red,no,False,no,yes,reversal_test,yes,False
reversal_0323,E_reversal,The red mev is observed.,mev,cannot_fly,red,no,False,no,yes,reversal_test,yes,False
reversal_0324,E_reversal,The blue vire is observed.,vire,can_fly,blue,yes,False,yes,no,reversal_test,no,False
reversal_0326,E_reversal,The blue palk is observed.,palk,can_fly,blue,yes,False,yes,no,reversal_test,no,False
reversal_0327,E_reversal,The blue palk is observed.,palk,can_fly,blue,yes,False,yes,no,reversal_test,no,False
reversal_0328,E_reversal,The blue glim is observed.,glim,can_fly,blue,yes,False,yes,no,reversal_test,no,False
reversal_0329,E_reversal,The blue vire is observed.,vire,can_fly,blue,yes,False,yes,no,reversal_test,no,False
reversal_0330,E_reversal,The blue koba is observed.,koba,can_fly,blue,yes,False,yes,no,reversal_test,no,False
reversal_0331,E_reversal,The red plock is observed.,plock,cannot_fly,red,no,False,no,yes,reversal_test,yes,False
reversal_0332,E_reversal,The red rindle is observed.,rindle,cannot_fly,red,no,False,no,yes,reversal_test,yes,False
reversal_0333,E_reversal,The red drosh is observed.,drosh,cannot_fly,red,no,False,no,yes,reversal_test,yes,False
reversal_0334,E_reversal,The red zav is observed.,zav,cannot_fly,red,no,False,no,yes,reversal_test,yes,False
reversal_0335,E_reversal,The red plock is observed.,plock,cannot_fly,red,no,False,no,yes,reversal_test,yes,False
reversal_0336,E_reversal,The blue vire is observed.,vire,can_fly,blue,yes,False,yes,no,reversal_test,no,False
reversal_0337,E_reversal,The blue norn is observed.,norn,can_fly,blue,yes,False,yes,no,reversal_test,no,False
reversal_0338,E_reversal,The blue glim is observed.,glim,can_fly,blue,yes,False,yes,no,reversal_test,no,False
reversal_0340,E_reversal,The red mev is observed.,mev,cannot_fly,red,no,False,no,yes,reversal_test,yes,False
reversal_0341,E_reversal,The red plock is observed.,plock,cannot_fly,red,no,False,no,yes,reversal_test,yes,False
reversal_0342,E_reversal,The blue vire is observed.,vire,can_fly,blue,yes,False,yes,no,reversal_test,no,False
reversal_0343,E_reversal,The blue vire is observed.,vire,can_fly,blue,yes,False,yes,no,reversal_test,no,False
reversal_0344,E_reversal,The blue norn is observed.,norn,can_fly,blue,yes,False,yes,no,reversal_test,no,False
reversal_0345,E_reversal,The blue norn is observed.,norn,can_fly,blue,yes,False,yes,no,reversal_test,no,False
reversal_0346,E_reversal,The red mev is observed.,mev,cannot_fly,red,no,False,no,yes,reversal_test,yes,False
reversal_0347,E_reversal,The blue norn is observed.,norn,can_fly,blue,yes,False,yes,no,reversal_test,no,False
reversal_0349,E_reversal,The blue palk is observed.,palk,can_fly,blue,yes,False,yes,no,reversal_test,no,False
reversal_0351,E_reversal,The blue glim is observed.,glim,can_fly,blue,yes,False,yes,no,reversal_test,no,False
reversal_0353,E_reversal,The blue glim is observed.,glim,can_fly,blue,yes,False,yes,no,reversal_test,no,False
reversal_0354,E_reversal,The blue vire is observed.,vire,can_fly,blue,yes,False,yes,no,reversal_test,no,False
reversal_0355,E_reversal,The red mev is observed.,mev,cannot_fly,red,no,False,no,yes,reversal_test,yes,False
reversal_0356,E_reversal,The red drosh is observed.,drosh,cannot_fly,red,no,False,no,yes,reversal_test,yes,False
reversal_0357,E_reversal,The red rindle is observed.,rindle,cannot_fly,red,no,False,no,yes,reversal_test,yes,False
reversal_0358,E_reversal,The blue palk is observed.,palk,can_fly,blue,yes,False,yes,no,reversal_test,no,False
reversal_0359,E_reversal,The red drosh is observed.,drosh,cannot_fly,red,no,False,no,yes,reversal_test,yes,False
reversal_0361,E_reversal,The blue vire is observed.,vire,can_fly,blue,yes,False,yes,no,reversal_test,no,False
reversal_0362,E_reversal,The red plock is observed.,plock,cannot_fly,red,no,False,no,yes,reversal_test,yes,False
reversal_0364,E_reversal,The blue palk is observed.,palk,can_fly,blue,yes,False,yes,no,reversal_test,no,False
reversal_0365,E_reversal,The red drosh is observed.,drosh,cannot_fly,red,no,False,no,yes,reversal_test,yes,False
reversal_0366,E_reversal,The blue glim is observed.,glim,can_fly,blue,yes,False,yes,no,reversal_test,no,False
reversal_0367,E_reversal,The red zav is observed.,zav,cannot_fly,red,no,False,no,yes,reversal_test,yes,False
reversal_0368,E_reversal,The blue palk is observed.,palk,can_fly,blue,yes,False,yes,no,reversal_test,no,False
reversal_0369,E_reversal,The blue koba is observed.,koba,can_fly,blue,yes,False,yes,no,reversal_test,no,False
reversal_0370,E_reversal,The blue palk is observed.,palk,can_fly,blue,yes,False,yes,no,reversal_test,no,False
reversal_0371,E_reversal,The red zav is observed.,zav,cannot_fly,red,no,False,no,yes,reversal_test,yes,False
reversal_0372,E_reversal,The red drosh is observed.,drosh,cannot_fly,red,no,False,no,yes,reversal_test,yes,False
reversal_0373,E_reversal,The blue koba is observed.,koba,can_fly,blue,yes,False,yes,no,reversal_test,no,False
reversal_0374,E_reversal,The blue norn is observed.,norn,can_fly,blue,yes,False,yes,no,reversal_test,no,False
reversal_0375,E_reversal,The blue palk is observed.,palk,can_fly,blue,yes,False,yes,no,reversal_test,no,False
reversal_0376,E_reversal,The red plock is observed.,plock,cannot_fly,red,no,False,no,yes,reversal_test,yes,False
reversal_0377,E_reversal,The blue vire is observed.,vire,can_fly,blue,yes,False,yes,no,reversal_test,no,False
reversal_0378,E_reversal,The blue norn is observed.,norn,can_fly,blue,yes,False,yes,no,reversal_test,no,False
reversal_0379,E_reversal,The blue glim is observed.,glim,can_fly,blue,yes,False,yes,no,reversal_test,no,False
reversal_0380,E_reversal,The blue norn is observed.,norn,can_fly,blue,yes,False,yes,no,reversal_test,no,False
reversal_0381,E_reversal,The red mev is observed.,mev,cannot_fly,red,no,False,no,yes,reversal_test,yes,False
reversal_0382,E_reversal,The blue palk is observed.,palk,can_fly,blue,yes,False,yes,no,reversal_test,no,False
reversal_0383,E_reversal,The blue norn is observed.,norn,can_fly,blue,yes,False,yes,no,reversal_test,no,False
reversal_0384,E_reversal,The red zav is observed.,zav,cannot_fly,red,no,False,no,yes,reversal_test,yes,False
reversal_0385,E_reversal,The red plock is observed.,plock,cannot_fly,red,no,False,no,yes,reversal_test,yes,False
reversal_0386,E_reversal,The blue palk is observed.,palk,can_fly,blue,yes,False,yes,no,reversal_test,no,False
reversal_0387,E_reversal,The red drosh is observed.,drosh,cannot_fly,red,no,False,no,yes,reversal_test,yes,False
reversal_0388,E_reversal,The red plock is observed.,plock,cannot_fly,red,no,False,no,yes,reversal_test,yes,False
reversal_0389,E_reversal,The blue palk is observed.,palk,can_fly,blue,yes,False,yes,no,reversal_test,no,False
reversal_0391,E_reversal,The blue glim is observed.,glim,can_fly,blue,yes,False,yes,no,reversal_test,no,False
reversal_0392,E_reversal,The blue palk is observed.,palk,can_fly,blue,yes,False,yes,no,reversal_test,no,False
reversal_0393,E_reversal,The blue palk is observed.,palk,can_fly,blue,yes,False,yes,no,reversal_test,no,False
reversal_0395,E_reversal,The red rindle is observed.,rindle,cannot_fly,red,no,False,no,yes,reversal_test,yes,False
reversal_0396,E_reversal,The blue koba is observed.,koba,can_fly,blue,yes,False,yes,no,reversal_test,no,False
reversal_0397,E_reversal,The blue glim is observed.,glim,can_fly,blue,yes,False,yes,no,reversal_test,no,False
reversal_0398,E_reversal,The red rindle is observed.,rindle,cannot_fly,red,no,False,no,yes,reversal_test,yes,False
reversal_0399,E_reversal,The red plock is observed.,plock,cannot_fly,red,no,False,no,yes,reversal_test,yes,False
reversal_0400,E_reversal,The red plock is observed.,plock,cannot_fly,red,no,False,no,yes,reversal_test,yes,False
reversal_0401,E_reversal,The blue glim is observed.,glim,can_fly,blue,yes,False,yes,no,reversal_test,no,False
reversal_0402,E_reversal,The red drosh is observed.,drosh,cannot_fly,red,no,False,no,yes,reversal_test,yes,False
reversal_0403,E_reversal,The blue palk is observed.,palk,can_fly,blue,yes,False,yes,no,reversal_test,no,False
reversal_0404,E_reversal,The red plock is observed.,plock,cannot_fly,red,no,False,no,yes,reversal_test,yes,False
reversal_0405,E_reversal,The red zav is observed.,zav,cannot_fly,red,no,False,no,yes,reversal_test,yes,False
reversal_0406,E_reversal,The red plock is observed.,plock,cannot_fly,red,no,False,no,yes,reversal_test,yes,False
reversal_0407,E_reversal,The blue norn is observed.,norn,can_fly,blue,yes,False,yes,no,reversal_test,no,False
reversal_0408,E_reversal,The blue norn is observed.,norn,can_fly,blue,yes,False,yes,no,reversal_test,no,False
reversal_0409,E_reversal,The red rindle is observed.,rindle,cannot_fly,red,no,False,no,yes,reversal_test,yes,False
reversal_0410,E_reversal,The blue glim is observed.,glim,can_fly,blue,yes,False,yes,no,reversal_test,no,False
reversal_0411,E_reversal,The red mev is observed.,mev,cannot_fly,red,no,False,no,yes,reversal_test,yes,False
reversal_0412,E_reversal,The red mev is observed.,mev,cannot_fly,red,no,False,no,yes,reversal_test,yes,False
reversal_0413,E_reversal,The red rindle is observed.,rindle,cannot_fly,red,no,False,no,yes,reversal_test,yes,False
reversal_0414,E_reversal,The blue koba is observed.,koba,can_fly,blue,yes,False,yes,no,reversal_test,no,False
reversal_0415,E_reversal,The blue palk is observed.,palk,can_fly,blue,yes,False,yes,no,reversal_test,no,False
reversal_0416,E_reversal,The blue palk is observed.,palk,can_fly,blue,yes,False,yes,no,reversal_test,no,False
reversal_0417,E_reversal,The blue koba is observed.,koba,can_fly,blue,yes,False,yes,no,reversal_test,no,False
reversal_0418,E_reversal,The red rindle is observed.,rindle,cannot_fly,red,no,False,no,yes,reversal_test,yes,False
reversal_0419,E_reversal,The blue norn is observed.,norn,can_fly,blue,yes,False,yes,no,reversal_test,no,False
reversal_0420,E_reversal,The blue glim is observed.,glim,can_fly,blue,yes,False,yes,no,reversal_test,no,False
reversal_0421,E_reversal,The blue norn is observed.,norn,can_fly,blue,yes,False,yes,no,reversal_test,no,False
reversal_0422,E_reversal,The red plock is observed.,plock,cannot_fly,red,no,False,no,yes,reversal_test,yes,False
reversal_0423,E_reversal,The blue palk is observed.,palk,can_fly,blue,yes,False,yes,no,reversal_test,no,False
reversal_0424,E_reversal,The blue glim is observed.,glim,can_fly,blue,yes,False,yes,no,reversal_test,no,False
reversal_0425,E_reversal,The red drosh is observed.,drosh,cannot_fly,red,no,False,no,yes,reversal_test,yes,False
reversal_0426,E_reversal,The blue vire is observed.,vire,can_fly,blue,yes,False,yes,no,reversal_test,no,False
reversal_0427,E_reversal,The blue norn is observed.,norn,can_fly,blue,yes,False,yes,no,reversal_test,no,False
reversal_0428,E_reversal,The red drosh is observed.,drosh,cannot_fly,red,no,False,no,yes,reversal_test,yes,False
reversal_0429,E_reversal,The red zav is observed.,zav,cannot_fly,red,no,False,no,yes,reversal_test,yes,False
reversal_0430,E_reversal,The red rindle is observed.,rindle,cannot_fly,red,no,False,no,yes,reversal_test,yes,False
reversal_0431,E_reversal,The red rindle is observed.,rindle,cannot_fly,red,no,False,no,yes,reversal_test,yes,False
reversal_0433,E_reversal,The blue glim is observed.,glim,can_fly,blue,yes,False,yes,no,reversal_test,no,False
reversal_0434,E_reversal,The red rindle is observed.,rindle,cannot_fly,red,no,False,no,yes,reversal_test,yes,False
reversal_0435,E_reversal,The blue koba is observed.,koba,can_fly,blue,yes,False,yes,no,reversal_test,no,False
reversal_0436,E_reversal,The red mev is observed.,mev,cannot_fly,red,no,False,no,yes,reversal_test,yes,False
reversal_0437,E_reversal,The blue glim is observed.,glim,can_fly,blue,yes,False,yes,no,reversal_test,no,False
reversal_0438,E_reversal,The blue vire is observed.,vire,can_fly,blue,yes,False,yes,no,reversal_test,no,False
reversal_0439,E_reversal,The blue vire is observed.,vire,can_fly,blue,yes,False,yes,no,reversal_test,no,False
reversal_0440,E_reversal,The red zav is observed.,zav,cannot_fly,red,no,False,no,yes,reversal_test,yes,False
reversal_0441,E_reversal,The blue norn is observed.,norn,can_fly,blue,yes,False,yes,no,reversal_test,no,False
reversal_0442,E_reversal,The blue norn is observed.,norn,can_fly,blue,yes,False,yes,no,reversal_test,no,False
reversal_0443,E_reversal,The blue glim is observed.,glim,can_fly,blue,yes,False,yes,no,reversal_test,no,False
reversal_0444,E_reversal,The red zav is observed.,zav,cannot_fly,red,no,False,no,yes,reversal_test,yes,False
reversal_0448,E_reversal,The blue vire is observed.,vire,can_fly,blue,yes,False,yes,no,reversal_test,no,False
reversal_0449,E_reversal,The blue norn is observed.,norn,can_fly,blue,yes,False,yes,no,reversal_test,no,False
reversal_0450,E_reversal,The red drosh is observed.,drosh,cannot_fly,red,no,False,no,yes,reversal_test,yes,False
reversal_0451,E_reversal,The red rindle is observed.,rindle,cannot_fly,red,no,False,no,yes,reversal_test,yes,False
reversal_0452,E_reversal,The red drosh is observed.,drosh,cannot_fly,red,no,False,no,yes,reversal_test,yes,False
reversal_0453,E_reversal,The blue glim is observed.,glim,can_fly,blue,yes,False,yes,no,reversal_test,no,False
reversal_0454,E_reversal,The blue norn is observed.,norn,can_fly,blue,yes,False,yes,no,reversal_test,no,False
reversal_0456,E_reversal,The blue norn is observed.,norn,can_fly,blue,yes,False,yes,no,reversal_test,no,False
reversal_0457,E_reversal,The blue koba is observed.,koba,can_fly,blue,yes,False,yes,no,reversal_test,no,False
reversal_0458,E_reversal,The blue koba is observed.,koba,can_fly,blue,yes,False,yes,no,reversal_test,no,False
reversal_0459,E_reversal,The red rindle is observed.,rindle,cannot_fly,red,no,False,no,yes,reversal_test,yes,False
reversal_0460,E_reversal,The blue vire is observed.,vire,can_fly,blue,yes,False,yes,no,reversal_test,no,False
reversal_0461,E_reversal,The red mev is observed.,mev,cannot_fly,red,no,False,no,yes,reversal_test,yes,False
reversal_0462,E_reversal,The blue koba is observed.,koba,can_fly,blue,yes,False,yes,no,reversal_test,no,False
reversal_0463,E_reversal,The red plock is observed.,plock,cannot_fly,red,no,False,no,yes,reversal_test,yes,False
reversal_0464,E_reversal,The blue vire is observed.,vire,can_fly,blue,yes,False,yes,no,reversal_test,no,False
reversal_0465,E_reversal,The red mev is observed.,mev,cannot_fly,red,no,False,no,yes,reversal_test,yes,False
reversal_0466,E_reversal,The blue glim is observed.,glim,can_fly,blue,yes,False,yes,no,reversal_test,no,False
reversal_0467,E_reversal,The blue koba is observed.,koba,can_fly,blue,yes,False,yes,no,reversal_test,no,False
reversal_0468,E_reversal,The red zav is observed.,zav,cannot_fly,red,no,False,no,yes,reversal_test,yes,False
reversal_0469,E_reversal,The red rindle is observed.,rindle,cannot_fly,red,no,False,no,yes,reversal_test,yes,False
reversal_0470,E_reversal,The blue palk is observed.,palk,can_fly,blue,yes,False,yes,no,reversal_test,no,False
reversal_0472,E_reversal,The blue glim is observed.,glim,can_fly,blue,yes,False,yes,no,reversal_test,no,False
reversal_0473,E_reversal,The red drosh is observed.,drosh,cannot_fly,red,no,False,no,yes,reversal_test,yes,False
reversal_0474,E_reversal,The red zav is observed.,zav,cannot_fly,red,no,False,no,yes,reversal_test,yes,False
reversal_0475,E_reversal,The red drosh is observed.,drosh,cannot_fly,red,no,False,no,yes,reversal_test,yes,False
reversal_0476,E_reversal,The blue glim is observed.,glim,can_fly,blue,yes,False,yes,no,reversal_test,no,False
reversal_0477,E_reversal,The red plock is observed.,plock,cannot_fly,red,no,False,no,yes,reversal_test,yes,False
reversal_0478,E_reversal,The red mev is observed.,mev,cannot_fly,red,no,False,no,yes,reversal_test,yes,False
reversal_0479,E_reversal,The red zav is observed.,zav,cannot_fly,red,no,False,no,yes,reversal_test,yes,False
reversal_0480,E_reversal,The blue norn is observed.,norn,can_fly,blue,yes,False,yes,no,reversal_test,no,False
reversal_0481,E_reversal,The red zav is observed.,zav,cannot_fly,red,no,False,no,yes,reversal_test,yes,False
reversal_0482,E_reversal,The red plock is observed.,plock,cannot_fly,red,no,False,no,yes,reversal_test,yes,False
reversal_0483,E_reversal,The red mev is observed.,mev,cannot_fly,red,no,False,no,yes,reversal_test,yes,False
reversal_0484,E_reversal,The red mev is observed.,mev,cannot_fly,red,no,False,no,yes,reversal_test,yes,False
reversal_0485,E_reversal,The red mev is observed.,mev,cannot_fly,red,no,False,no,yes,reversal_test,yes,False
reversal_0486,E_reversal,The blue palk is observed.,palk,can_fly,blue,yes,False,yes,no,reversal_test,no,False
reversal_0487,E_reversal,The blue palk is observed.,palk,can_fly,blue,yes,False,yes,no,reversal_test,no,False
reversal_0488,E_reversal,The red zav is observed.,zav,cannot_fly,red,no,False,no,yes,reversal_test,yes,False
reversal_0489,E_reversal,The blue norn is observed.,norn,can_fly,blue,yes,False,yes,no,reversal_test,no,False
reversal_0490,E_reversal,The blue koba is observed.,koba,can_fly,blue,yes,False,yes,no,reversal_test,no,False
reversal_0492,E_reversal,The blue vire is observed.,vire,can_fly,blue,yes,False,yes,no,reversal_test,no,False
reversal_0493,E_reversal,The blue vire is observed.,vire,can_fly,blue,yes,False,yes,no,reversal_test,no,False
reversal_0494,E_reversal,The blue vire is observed.,vire,can_fly,blue,yes,False,yes,no,reversal_test,no,False
reversal_0496,E_reversal,The red plock is observed.,plock,cannot_fly,red,no,False,no,yes,reversal_test,yes,False
reversal_0497,E_reversal,The blue koba is observed.,koba,can_fly,blue,yes,False,yes,no,reversal_test,no,False
reversal_0498,E_reversal,The blue koba is observed.,koba,can_fly,blue,yes,False,yes,no,reversal_test,no,False
reversal_0499,E_reversal,The blue glim is observed.,glim,can_fly,blue,yes,False,yes,no,reversal_test,no,False
